id,firstname,lastname,email
100,Mary,Dorcy,Mary.Dorcy@yopmail.com
101,Ottilie,Carmena,Ottilie.Carmena@yopmail.com
102,Agathe,Stanwood,Agathe.Stanwood@yopmail.com
103,Beatriz,Alabaster,Beatriz.Alabaster@yopmail.com
104,Noelle,Karl,Noelle.Karl@yopmail.com
105,Debee,Naor,Debee.Naor@yopmail.com
106,Wilma,Vastah,Wilma.Vastah@yopmail.com
107,Leia,Sherfield,Leia.Sherfield@yopmail.com
108,Raina,Evangelia,Raina.Evangelia@yopmail.com
109,Gretal,Mandler,Gretal.Mandler@yopmail.com
110,Kara-Lynn,Smitt,Kara-Lynn.Smitt@yopmail.com
111,Nikki,Kaja,Nikki.Kaja@yopmail.com
112,Esmeralda,Ammann,Esmeralda.Ammann@yopmail.com
113,Kara-Lynn,Blisse,Kara-Lynn.Blisse@yopmail.com
114,Karolina,Daveta,Karolina.Daveta@yopmail.com
115,Kalina,Cavan,Kalina.Cavan@yopmail.com
116,Sandie,Janene,Sandie.Janene@yopmail.com
117,Tonia,Saint,Tonia.Saint@yopmail.com
118,Eve,Ailyn,Eve.Ailyn@yopmail.com
119,Cathyleen,Kristi,Cathyleen.Kristi@yopmail.com
120,Dawn,Tomasina,Dawn.Tomasina@yopmail.com
121,Bernardine,Saint,Bernardine.Saint@yopmail.com
122,Fawne,Cassius,Fawne.Cassius@yopmail.com
123,Christian,Vary,Christian.Vary@yopmail.com
124,Aili,Ophelia,Aili.Ophelia@yopmail.com
125,Ardeen,Montgomery,Ardeen.Montgomery@yopmail.com
126,Bernie,Maiah,Bernie.Maiah@yopmail.com
127,Dolli,Shanley,Dolli.Shanley@yopmail.com
128,Jere,Weitman,Jere.Weitman@yopmail.com
129,Rochette,Chesna,Rochette.Chesna@yopmail.com
130,Sallie,Nedrud,Sallie.Nedrud@yopmail.com
131,Margalo,Colyer,Margalo.Colyer@yopmail.com
132,Sara-Ann,Graig,Sara-Ann.Graig@yopmail.com
133,Queenie,Evangelia,Queenie.Evangelia@yopmail.com
134,Marnia,Cohdwell,Marnia.Cohdwell@yopmail.com
135,Thalia,Flita,Thalia.Flita@yopmail.com
136,Ernesta,Toni,Ernesta.Toni@yopmail.com
137,Veda,Baudin,Veda.Baudin@yopmail.com
138,Sandie,Milson,Sandie.Milson@yopmail.com
139,Audrie,Tremayne,Audrie.Tremayne@yopmail.com
140,Adriana,Bivins,Adriana.Bivins@yopmail.com
141,Sibella,Alice,Sibella.Alice@yopmail.com
142,Meriel,Auberbach,Meriel.Auberbach@yopmail.com
143,Korrie,Georas,Korrie.Georas@yopmail.com
144,Nikki,Septima,Nikki.Septima@yopmail.com
145,Cyb,Fry,Cyb.Fry@yopmail.com
146,Ninnetta,Stuart,Ninnetta.Stuart@yopmail.com
147,Daune,Barbey,Daune.Barbey@yopmail.com
148,Yetty,Urias,Yetty.Urias@yopmail.com
149,Roxane,Bow,Roxane.Bow@yopmail.com
150,Kara-Lynn,Adrienne,Kara-Lynn.Adrienne@yopmail.com
151,Anestassia,Nisbet,Anestassia.Nisbet@yopmail.com
152,Viviene,Curren,Viviene.Curren@yopmail.com
153,Rozele,Lilas,Rozele.Lilas@yopmail.com
154,Susan,Obed,Susan.Obed@yopmail.com
155,Frances,Chobot,Frances.Chobot@yopmail.com
156,Leontine,Chandler,Leontine.Chandler@yopmail.com
157,Bobbi,Sothena,Bobbi.Sothena@yopmail.com
158,Averyl,Ferino,Averyl.Ferino@yopmail.com
159,Adore,Callista,Adore.Callista@yopmail.com
160,Theodora,Chandler,Theodora.Chandler@yopmail.com
161,Shell,Terrence,Shell.Terrence@yopmail.com
162,Courtnay,Bollay,Courtnay.Bollay@yopmail.com
163,Marcelline,Malanie,Marcelline.Malanie@yopmail.com
164,Malina,Breed,Malina.Breed@yopmail.com
165,Donetta,Leopold,Donetta.Leopold@yopmail.com
166,Amalie,Hunfredo,Amalie.Hunfredo@yopmail.com
167,Dari,Shama,Dari.Shama@yopmail.com
168,Moyna,Billye,Moyna.Billye@yopmail.com
169,Kimberley,Burkle,Kimberley.Burkle@yopmail.com
170,Camile,Goerke,Camile.Goerke@yopmail.com
171,Melina,Kaja,Melina.Kaja@yopmail.com
172,Petronia,Claudine,Petronia.Claudine@yopmail.com
173,Lesly,Firmin,Lesly.Firmin@yopmail.com
174,Marline,Suk,Marline.Suk@yopmail.com
175,Oona,Cherianne,Oona.Cherianne@yopmail.com
176,Addia,Chesna,Addia.Chesna@yopmail.com
177,Nananne,Sadowski,Nananne.Sadowski@yopmail.com
178,Darci,Thar,Darci.Thar@yopmail.com
179,Shirlee,Braun,Shirlee.Braun@yopmail.com
180,Bernie,Fennessy,Bernie.Fennessy@yopmail.com
181,Alex,Chem,Alex.Chem@yopmail.com
182,Tomasina,Dearborn,Tomasina.Dearborn@yopmail.com
183,Selia,Leopold,Selia.Leopold@yopmail.com
184,Ileana,Briney,Ileana.Briney@yopmail.com
185,Margalo,Willie,Margalo.Willie@yopmail.com
186,Joane,Orelee,Joane.Orelee@yopmail.com
187,Trudie,Borrell,Trudie.Borrell@yopmail.com
188,Starla,Colleen,Starla.Colleen@yopmail.com
189,Raquela,Wyn,Raquela.Wyn@yopmail.com
190,Emelina,Tomasina,Emelina.Tomasina@yopmail.com
191,Kial,Codding,Kial.Codding@yopmail.com
192,Zaria,Richers,Zaria.Richers@yopmail.com
193,Adelle,Keelia,Adelle.Keelia@yopmail.com
194,Merrie,Ietta,Merrie.Ietta@yopmail.com
195,Romona,Waldron,Romona.Waldron@yopmail.com
196,Olivette,Noam,Olivette.Noam@yopmail.com
197,Candi,Juliet,Candi.Juliet@yopmail.com
198,Kalina,Quinn,Kalina.Quinn@yopmail.com
199,Noelle,Edmund,Noelle.Edmund@yopmail.com