firstname,lastname,email,age
Blake,Ramona,Blake.Ramona@yopmail.com,29
Justinn,Vharat,Justinn.Vharat@yopmail.com,27
Sindee,Hailee,Sindee.Hailee@yopmail.com,19
Dacia,Lenny,Dacia.Lenny@yopmail.com,51
Lucille,Madox,Lucille.Madox@yopmail.com,94
Selma,Rad,Selma.Rad@yopmail.com,79
Verla,Chick,Verla.Chick@yopmail.com,64
Linzy,Fleeta,Linzy.Fleeta@yopmail.com,79
Sibella,Fabiola,Sibella.Fabiola@yopmail.com,64
Anallese,Secrest,Anallese.Secrest@yopmail.com,83
Carly,Cookie,Carly.Cookie@yopmail.com,61
Kirbee,Bultman,Kirbee.Bultman@yopmail.com,44
Orsola,Wesle,Orsola.Wesle@yopmail.com,88
Gretal,Trace,Gretal.Trace@yopmail.com,33
Jere,Dudley,Jere.Dudley@yopmail.com,10
Ira,Kellby,Ira.Kellby@yopmail.com,87
Robinia,Cressida,Robinia.Cressida@yopmail.com,73
Courtnay,Gusella,Courtnay.Gusella@yopmail.com,50
Stacey,Sacken,Stacey.Sacken@yopmail.com,16
Dotty,Lorenz,Dotty.Lorenz@yopmail.com,80
Cyndie,Adamsen,Cyndie.Adamsen@yopmail.com,98
Renie,Norrie,Renie.Norrie@yopmail.com,27
Raina,Himelman,Raina.Himelman@yopmail.com,67
Renae,Willie,Renae.Willie@yopmail.com,43
Brooks,Chabot,Brooks.Chabot@yopmail.com,92
Monika,Brittani,Monika.Brittani@yopmail.com,47
Catrina,Dorcy,Catrina.Dorcy@yopmail.com,89
Tilly,Kat,Tilly.Kat@yopmail.com,91
Maye,Rosemary,Maye.Rosemary@yopmail.com,26
Eve,Kamaria,Eve.Kamaria@yopmail.com,41
Cyndie,Wadell,Cyndie.Wadell@yopmail.com,81
Leona,Jenness,Leona.Jenness@yopmail.com,13
Libbie,Ambrosia,Libbie.Ambrosia@yopmail.com,30
Clarice,Pacorro,Clarice.Pacorro@yopmail.com,14
Therine,Kinnard,Therine.Kinnard@yopmail.com,40
Sue,Even,Sue.Even@yopmail.com,45
Bettine,Audly,Bettine.Audly@yopmail.com,11
Roslyn,Schroth,Roslyn.Schroth@yopmail.com,70
Kaja,Travax,Kaja.Travax@yopmail.com,53
Mireielle,Woodberry,Mireielle.Woodberry@yopmail.com,96
Deirdre,Gaspard,Deirdre.Gaspard@yopmail.com,88
Letizia,Fillbert,Letizia.Fillbert@yopmail.com,39
Stacey,Smitt,Stacey.Smitt@yopmail.com,73
Shaine,Christal,Shaine.Christal@yopmail.com,12
Donetta,Dulciana,Donetta.Dulciana@yopmail.com,43
Dennie,Brotherson,Dennie.Brotherson@yopmail.com,39
Bernie,Pascia,Bernie.Pascia@yopmail.com,71
Courtnay,Neva,Courtnay.Neva@yopmail.com,29
Penelopa,Durware,Penelopa.Durware@yopmail.com,80
Minda,Arathorn,Minda.Arathorn@yopmail.com,48
Lucy,Blake,Lucy.Blake@yopmail.com,44
Gisela,Billye,Gisela.Billye@yopmail.com,81
Juliane,Tarrant,Juliane.Tarrant@yopmail.com,87
Joelly,Hebner,Joelly.Hebner@yopmail.com,56
Laurene,Eiser,Laurene.Eiser@yopmail.com,55
Ingrid,Hieronymus,Ingrid.Hieronymus@yopmail.com,26
Dorothy,Stanwood,Dorothy.Stanwood@yopmail.com,91
Corina,Truc,Corina.Truc@yopmail.com,52
Catharine,Hieronymus,Catharine.Hieronymus@yopmail.com,11
Paola,Klotz,Paola.Klotz@yopmail.com,21
Basia,Iphlgenia,Basia.Iphlgenia@yopmail.com,34
Edith,Cornelia,Edith.Cornelia@yopmail.com,62
Rebeca,Grosz,Rebeca.Grosz@yopmail.com,70
Suzette,Lilybelle,Suzette.Lilybelle@yopmail.com,91
Mureil,Amadas,Mureil.Amadas@yopmail.com,53
Leontine,Sisile,Leontine.Sisile@yopmail.com,55
Emilia,Lowry,Emilia.Lowry@yopmail.com,82
Kenna,Wareing,Kenna.Wareing@yopmail.com,95
Sarette,Gert,Sarette.Gert@yopmail.com,26
Caryl,Nahum,Caryl.Nahum@yopmail.com,24
Renae,Mehalek,Renae.Mehalek@yopmail.com,37
Anallese,Natica,Anallese.Natica@yopmail.com,82
Lelah,Rustice,Lelah.Rustice@yopmail.com,82
Cindelyn,Jacinda,Cindelyn.Jacinda@yopmail.com,59
Sherrie,Pond,Sherrie.Pond@yopmail.com,66
Gianina,Cecile,Gianina.Cecile@yopmail.com,99
Merry,Taam,Merry.Taam@yopmail.com,95
Shaylyn,Center,Shaylyn.Center@yopmail.com,64
Amalie,Lutero,Amalie.Lutero@yopmail.com,55
Joeann,Nore,Joeann.Nore@yopmail.com,82
Lizzie,Billye,Lizzie.Billye@yopmail.com,93
Charmaine,Denis,Charmaine.Denis@yopmail.com,79
Kimmy,Bobbee,Kimmy.Bobbee@yopmail.com,51
Pierette,Destinee,Pierette.Destinee@yopmail.com,10
Andree,Urias,Andree.Urias@yopmail.com,99
Gianina,Wolfgram,Gianina.Wolfgram@yopmail.com,26
Florencia,Kinnard,Florencia.Kinnard@yopmail.com,70
Isa,Izaak,Isa.Izaak@yopmail.com,61
Annora,Orelee,Annora.Orelee@yopmail.com,88
Tiffie,Grosz,Tiffie.Grosz@yopmail.com,29
Florie,Wind,Florie.Wind@yopmail.com,52
Alleen,Rillings,Alleen.Rillings@yopmail.com,64
Fawne,Rona,Fawne.Rona@yopmail.com,92
Corry,Lunsford,Corry.Lunsford@yopmail.com,41
Anestassia,Joeann,Anestassia.Joeann@yopmail.com,28
Beatriz,Muriel,Beatriz.Muriel@yopmail.com,75
Diena,Richers,Diena.Richers@yopmail.com,60
Bettine,Byrne,Bettine.Byrne@yopmail.com,38
Wilma,Cleavland,Wilma.Cleavland@yopmail.com,42
Barbi,Rad,Barbi.Rad@yopmail.com,32
Tiffie,Gaal,Tiffie.Gaal@yopmail.com,25
Thalia,Millda,Thalia.Millda@yopmail.com,54
Emilia,Linskey,Emilia.Linskey@yopmail.com,68
Tobe,Jacobah,Tobe.Jacobah@yopmail.com,41
Almeta,Creamer,Almeta.Creamer@yopmail.com,67
Robbi,Slifka,Robbi.Slifka@yopmail.com,64
Lanae,Vanni,Lanae.Vanni@yopmail.com,63
Blake,Bach,Blake.Bach@yopmail.com,81
Claresta,Chauncey,Claresta.Chauncey@yopmail.com,74
Zondra,Oriana,Zondra.Oriana@yopmail.com,29
Beverley,Kravits,Beverley.Kravits@yopmail.com,12
Jsandye,Parsaye,Jsandye.Parsaye@yopmail.com,25
Debee,Soneson,Debee.Soneson@yopmail.com,30
Beth,Grobe,Beth.Grobe@yopmail.com,43
Katharina,Paine,Katharina.Paine@yopmail.com,34
Jasmina,Waldron,Jasmina.Waldron@yopmail.com,38
Jerry,Robertson,Jerry.Robertson@yopmail.com,91
Taffy,Margret,Taffy.Margret@yopmail.com,59
Antonietta,Vale,Antonietta.Vale@yopmail.com,74
Monika,Talia,Monika.Talia@yopmail.com,84
Jolyn,Bivins,Jolyn.Bivins@yopmail.com,75
Edee,Fontana,Edee.Fontana@yopmail.com,82
Chandra,Kenwood,Chandra.Kenwood@yopmail.com,95
Zia,Kaete,Zia.Kaete@yopmail.com,50
Myriam,Kalinda,Myriam.Kalinda@yopmail.com,21
Nicoli,Mayeda,Nicoli.Mayeda@yopmail.com,35
Vonny,Pillsbury,Vonny.Pillsbury@yopmail.com,63
Brynna,Knowling,Brynna.Knowling@yopmail.com,11
Berta,Sprage,Berta.Sprage@yopmail.com,40
Paola,Fillbert,Paola.Fillbert@yopmail.com,31
Jillayne,Cloris,Jillayne.Cloris@yopmail.com,24
Flory,Arquit,Flory.Arquit@yopmail.com,62
Meriel,Claudine,Meriel.Claudine@yopmail.com,62
Dania,Lowry,Dania.Lowry@yopmail.com,37
Cindelyn,Alejoa,Cindelyn.Alejoa@yopmail.com,47
Ursulina,Jacobah,Ursulina.Jacobah@yopmail.com,90
Olwen,Santoro,Olwen.Santoro@yopmail.com,79
Alex,Adalbert,Alex.Adalbert@yopmail.com,97
Dorice,Douglass,Dorice.Douglass@yopmail.com,12
Brynna,Carleen,Brynna.Carleen@yopmail.com,25
Karly,Dorothy,Karly.Dorothy@yopmail.com,45
Ethel,Maxi,Ethel.Maxi@yopmail.com,58
Ginnie,Ethban,Ginnie.Ethban@yopmail.com,23
Ofilia,Peg,Ofilia.Peg@yopmail.com,39
Moyna,Eno,Moyna.Eno@yopmail.com,64
Romona,Naor,Romona.Naor@yopmail.com,59
Vevay,Tristram,Vevay.Tristram@yopmail.com,47
Lolita,Howlyn,Lolita.Howlyn@yopmail.com,67
Ginnie,Bashemeth,Ginnie.Bashemeth@yopmail.com,83
Tomasina,Melony,Tomasina.Melony@yopmail.com,56
Ira,Urania,Ira.Urania@yopmail.com,90
Bobinette,Hertzfeld,Bobinette.Hertzfeld@yopmail.com,45
Pamella,Wilona,Pamella.Wilona@yopmail.com,65
Vevay,Stuart,Vevay.Stuart@yopmail.com,33
Joelly,Ezar,Joelly.Ezar@yopmail.com,66
Flory,Wallis,Flory.Wallis@yopmail.com,75
Noelle,Giule,Noelle.Giule@yopmail.com,55
Korrie,Hanshaw,Korrie.Hanshaw@yopmail.com,98
Xylina,Ovid,Xylina.Ovid@yopmail.com,57
Yvonne,Means,Yvonne.Means@yopmail.com,98
Deloria,Oster,Deloria.Oster@yopmail.com,61
Rubie,Wyn,Rubie.Wyn@yopmail.com,52
Tomasina,Lynn,Tomasina.Lynn@yopmail.com,23
Gertrud,Bendick,Gertrud.Bendick@yopmail.com,89
Maurene,Borrell,Maurene.Borrell@yopmail.com,20
Linzy,Moseley,Linzy.Moseley@yopmail.com,26
Flo,Hazlett,Flo.Hazlett@yopmail.com,79
Bibby,Alva,Bibby.Alva@yopmail.com,45
Veda,Dominy,Veda.Dominy@yopmail.com,78
Melanie,Noam,Melanie.Noam@yopmail.com,59
Mireielle,Garek,Mireielle.Garek@yopmail.com,80
Aimil,Dyche,Aimil.Dyche@yopmail.com,27
Tatiania,Michella,Tatiania.Michella@yopmail.com,83
Mignon,Norvol,Mignon.Norvol@yopmail.com,75
Carly,Kiyoshi,Carly.Kiyoshi@yopmail.com,73
Wileen,Suzetta,Wileen.Suzetta@yopmail.com,97
Mireielle,Kosey,Mireielle.Kosey@yopmail.com,87
Tersina,Carvey,Tersina.Carvey@yopmail.com,18
Georgetta,Odysseus,Georgetta.Odysseus@yopmail.com,59
Brana,Stoller,Brana.Stoller@yopmail.com,94
Marline,Vittoria,Marline.Vittoria@yopmail.com,98
Doro,Bollay,Doro.Bollay@yopmail.com,49
Minda,Kaete,Minda.Kaete@yopmail.com,31
Claresta,Lowry,Claresta.Lowry@yopmail.com,36
Chrystel,Angelis,Chrystel.Angelis@yopmail.com,45
Chickie,Margarete,Chickie.Margarete@yopmail.com,35
Pollyanna,Armanda,Pollyanna.Armanda@yopmail.com,51
Cristabel,Fulmer,Cristabel.Fulmer@yopmail.com,21
Quintina,Rosemary,Quintina.Rosemary@yopmail.com,88
Luci,Pierette,Luci.Pierette@yopmail.com,91
Fredericka,Granoff,Fredericka.Granoff@yopmail.com,19
Nadine,Hubert,Nadine.Hubert@yopmail.com,98
Micheline,Vastah,Micheline.Vastah@yopmail.com,31
Bobbi,Jorgan,Bobbi.Jorgan@yopmail.com,54
Wanda,Orpah,Wanda.Orpah@yopmail.com,75
Reeba,Percy,Reeba.Percy@yopmail.com,55
Kelly,Dichy,Kelly.Dichy@yopmail.com,39
Lesly,Yate,Lesly.Yate@yopmail.com,19
Carmencita,Parette,Carmencita.Parette@yopmail.com,63
Eolanda,Couture,Eolanda.Couture@yopmail.com,46
Hettie,Velick,Hettie.Velick@yopmail.com,21
Donetta,Garlinda,Donetta.Garlinda@yopmail.com,33
Rhea,Masao,Rhea.Masao@yopmail.com,53
Dorthy,Brodench,Dorthy.Brodench@yopmail.com,46
Tomasina,Cleavland,Tomasina.Cleavland@yopmail.com,44
Beth,Nester,Beth.Nester@yopmail.com,94
Frank,Letsou,Frank.Letsou@yopmail.com,92
Cacilie,Craggie,Cacilie.Craggie@yopmail.com,15
Roxane,Klotz,Roxane.Klotz@yopmail.com,44
Maridel,Kronfeld,Maridel.Kronfeld@yopmail.com,55
Jsandye,Posner,Jsandye.Posner@yopmail.com,75
Ardys,Hachmin,Ardys.Hachmin@yopmail.com,68
Morganica,Eliathas,Morganica.Eliathas@yopmail.com,98
Sean,Ader,Sean.Ader@yopmail.com,53
Ebonee,Tamsky,Ebonee.Tamsky@yopmail.com,40
Brena,Geffner,Brena.Geffner@yopmail.com,14
Gretal,Sacken,Gretal.Sacken@yopmail.com,24
Gertrud,Rillings,Gertrud.Rillings@yopmail.com,79
Suzette,Lia,Suzette.Lia@yopmail.com,68
Kristina,McClimans,Kristina.McClimans@yopmail.com,33
Leeanne,Destinee,Leeanne.Destinee@yopmail.com,29
Mallory,Bryna,Mallory.Bryna@yopmail.com,68
Correy,Tice,Correy.Tice@yopmail.com,60
Oona,Sallyann,Oona.Sallyann@yopmail.com,81
Alyssa,Roscoe,Alyssa.Roscoe@yopmail.com,22
Shauna,Clarissa,Shauna.Clarissa@yopmail.com,66
Lanna,Libna,Lanna.Libna@yopmail.com,29
Louella,Bach,Louella.Bach@yopmail.com,82
Ivett,Ackerley,Ivett.Ackerley@yopmail.com,43
Basia,Carlson,Basia.Carlson@yopmail.com,59
Maryellen,Jerald,Maryellen.Jerald@yopmail.com,90
Mady,Havens,Mady.Havens@yopmail.com,71
Maryellen,Lewes,Maryellen.Lewes@yopmail.com,28
Dagmar,Dituri,Dagmar.Dituri@yopmail.com,87
Marcy,Anestassia,Marcy.Anestassia@yopmail.com,16
Melodie,Kenney,Melodie.Kenney@yopmail.com,49
Hyacinthe,Lareena,Hyacinthe.Lareena@yopmail.com,74
Eolanda,Forrer,Eolanda.Forrer@yopmail.com,33
Rubie,Dash,Rubie.Dash@yopmail.com,56
Cam,Telfer,Cam.Telfer@yopmail.com,31
Hildegaard,Wu,Hildegaard.Wu@yopmail.com,87
Amalie,Lynn,Amalie.Lynn@yopmail.com,54
Wynne,Darrell,Wynne.Darrell@yopmail.com,54
Addia,Phaidra,Addia.Phaidra@yopmail.com,80
Donnie,Edison,Donnie.Edison@yopmail.com,35
Letizia,Eachern,Letizia.Eachern@yopmail.com,91
Janis,Clywd,Janis.Clywd@yopmail.com,71
Berta,Capello,Berta.Capello@yopmail.com,35
Agnese,Concha,Agnese.Concha@yopmail.com,30
Glenda,Odysseus,Glenda.Odysseus@yopmail.com,100
Kimberley,Vins,Kimberley.Vins@yopmail.com,49
Jessy,Corilla,Jessy.Corilla@yopmail.com,80
Anestassia,Fax,Anestassia.Fax@yopmail.com,35
Emma,Quent,Emma.Quent@yopmail.com,87
Roseline,Poll,Roseline.Poll@yopmail.com,79
Kayla,Elvyn,Kayla.Elvyn@yopmail.com,31
Misha,Cutlerr,Misha.Cutlerr@yopmail.com,20
Dianemarie,Egbert,Dianemarie.Egbert@yopmail.com,17
Josephine,Katrine,Josephine.Katrine@yopmail.com,42
Marnia,Beniamino,Marnia.Beniamino@yopmail.com,14
Alejandra,Bergman,Alejandra.Bergman@yopmail.com,11
Daphne,Hazlett,Daphne.Hazlett@yopmail.com,64
Sophia,Rocray,Sophia.Rocray@yopmail.com,98
Mignon,Jacqui,Mignon.Jacqui@yopmail.com,85
Roz,Joni,Roz.Joni@yopmail.com,39
Tina,Miru,Tina.Miru@yopmail.com,58
Shannah,Lytton,Shannah.Lytton@yopmail.com,67
Daune,Zaslow,Daune.Zaslow@yopmail.com,35
Catharine,Gladstone,Catharine.Gladstone@yopmail.com,88
Sam,Stuart,Sam.Stuart@yopmail.com,50
Justinn,Olin,Justinn.Olin@yopmail.com,32
Jemie,Bibi,Jemie.Bibi@yopmail.com,18
Meg,Armanda,Meg.Armanda@yopmail.com,46
Flo,Bronk,Flo.Bronk@yopmail.com,69
Vonny,Iphlgenia,Vonny.Iphlgenia@yopmail.com,80
Elbertina,Deegan,Elbertina.Deegan@yopmail.com,55
Sherrie,Creamer,Sherrie.Creamer@yopmail.com,49
Chrystel,Adore,Chrystel.Adore@yopmail.com,48
Ketti,Macey,Ketti.Macey@yopmail.com,100
Mellicent,Lenny,Mellicent.Lenny@yopmail.com,38
Belva,Means,Belva.Means@yopmail.com,61
Dulce,Kevon,Dulce.Kevon@yopmail.com,74
Henriette,Cynar,Henriette.Cynar@yopmail.com,99
Madalyn,Georgy,Madalyn.Georgy@yopmail.com,96
Merrie,Harriman,Merrie.Harriman@yopmail.com,13
Cam,Abram,Cam.Abram@yopmail.com,90
Fawne,Catie,Fawne.Catie@yopmail.com,47
Harmonia,Ellord,Harmonia.Ellord@yopmail.com,54
Regina,Hermes,Regina.Hermes@yopmail.com,13
Marinna,Holbrook,Marinna.Holbrook@yopmail.com,61
Brena,Flyn,Brena.Flyn@yopmail.com,60
Zondra,Glovsky,Zondra.Glovsky@yopmail.com,37
Rivalee,Bendick,Rivalee.Bendick@yopmail.com,100
Kaia,Jethro,Kaia.Jethro@yopmail.com,33
Dania,Sothena,Dania.Sothena@yopmail.com,37
Mariele,Malanie,Mariele.Malanie@yopmail.com,41
Justinn,Joseph,Justinn.Joseph@yopmail.com,99
Gerianna,Garlinda,Gerianna.Garlinda@yopmail.com,96
Althea,Shelba,Althea.Shelba@yopmail.com,66
Clementine,Schwejda,Clementine.Schwejda@yopmail.com,41
Merry,Philoo,Merry.Philoo@yopmail.com,11
Verla,Kendrick,Verla.Kendrick@yopmail.com,37
Anica,Wiener,Anica.Wiener@yopmail.com,73
Teddie,Gaynor,Teddie.Gaynor@yopmail.com,75
Bobbi,Wareing,Bobbi.Wareing@yopmail.com,66
Tani,Stanwood,Tani.Stanwood@yopmail.com,11
Shaine,Krystle,Shaine.Krystle@yopmail.com,55
Calla,Muriel,Calla.Muriel@yopmail.com,79
Dominga,Geffner,Dominga.Geffner@yopmail.com,93
Nickie,Remmer,Nickie.Remmer@yopmail.com,82
Xylina,Quent,Xylina.Quent@yopmail.com,70
Lindie,Hurley,Lindie.Hurley@yopmail.com,56
Gilda,Magnolia,Gilda.Magnolia@yopmail.com,42
Gianina,Cecile,Gianina.Cecile@yopmail.com,93
Chere,Salchunas,Chere.Salchunas@yopmail.com,88
Gertrud,Vins,Gertrud.Vins@yopmail.com,54
Kirbee,Waite,Kirbee.Waite@yopmail.com,83
Mildrid,Albertine,Mildrid.Albertine@yopmail.com,75
Consuela,Turne,Consuela.Turne@yopmail.com,77
Tilly,Hartnett,Tilly.Hartnett@yopmail.com,30
Cam,Alwin,Cam.Alwin@yopmail.com,53
Paola,Kannry,Paola.Kannry@yopmail.com,16
Jorry,Lanita,Jorry.Lanita@yopmail.com,52
Priscilla,Devlen,Priscilla.Devlen@yopmail.com,53
Adelle,Bultman,Adelle.Bultman@yopmail.com,98
Bobinette,Penelopa,Bobinette.Penelopa@yopmail.com,24
Atlanta,Dahlia,Atlanta.Dahlia@yopmail.com,31
Shandie,Ehrman,Shandie.Ehrman@yopmail.com,97
Madeleine,Yam,Madeleine.Yam@yopmail.com,43
Nollie,Vale,Nollie.Vale@yopmail.com,71
Millie,Bonilla,Millie.Bonilla@yopmail.com,64
Shel,Lubin,Shel.Lubin@yopmail.com,54
Calla,Goerke,Calla.Goerke@yopmail.com,90
Marguerite,Sammons,Marguerite.Sammons@yopmail.com,61
Dorice,Corrine,Dorice.Corrine@yopmail.com,26
Chickie,Afton,Chickie.Afton@yopmail.com,74
Flo,Malvino,Flo.Malvino@yopmail.com,52
Tina,Bow,Tina.Bow@yopmail.com,18
Sidoney,Roumell,Sidoney.Roumell@yopmail.com,31
Gloria,Phi,Gloria.Phi@yopmail.com,95
Viviene,Danby,Viviene.Danby@yopmail.com,26
Trixi,Bivins,Trixi.Bivins@yopmail.com,40
Marinna,Hourigan,Marinna.Hourigan@yopmail.com,13
Lyssa,Tamar,Lyssa.Tamar@yopmail.com,71
Anallese,Guildroy,Anallese.Guildroy@yopmail.com,36
Linzy,Lindemann,Linzy.Lindemann@yopmail.com,99
Sissy,Jerold,Sissy.Jerold@yopmail.com,41
Vere,Lilybelle,Vere.Lilybelle@yopmail.com,85
Orsola,Dunkin,Orsola.Dunkin@yopmail.com,22
Rubie,Delacourt,Rubie.Delacourt@yopmail.com,54
Sean,Morgun,Sean.Morgun@yopmail.com,76
Cathyleen,Alabaster,Cathyleen.Alabaster@yopmail.com,17
Robbi,Nerita,Robbi.Nerita@yopmail.com,92
Wanda,Emerson,Wanda.Emerson@yopmail.com,72
Corly,Toffic,Corly.Toffic@yopmail.com,90
Kerrin,Morehouse,Kerrin.Morehouse@yopmail.com,96
Albertina,Faro,Albertina.Faro@yopmail.com,59
Amalie,Borrell,Amalie.Borrell@yopmail.com,38
Tobe,Karylin,Tobe.Karylin@yopmail.com,68
Tera,Haldas,Tera.Haldas@yopmail.com,17
Melodie,Demitria,Melodie.Demitria@yopmail.com,34
Carmela,Niccolo,Carmela.Niccolo@yopmail.com,14
Merle,Merna,Merle.Merna@yopmail.com,51
Edee,Carvey,Edee.Carvey@yopmail.com,47
Loree,Annabella,Loree.Annabella@yopmail.com,25
Miquela,Cullin,Miquela.Cullin@yopmail.com,84
Katharina,Parette,Katharina.Parette@yopmail.com,25
Susan,Jary,Susan.Jary@yopmail.com,26
Claresta,Yoko,Claresta.Yoko@yopmail.com,74
Madalyn,Carlson,Madalyn.Carlson@yopmail.com,30
Edyth,Angelis,Edyth.Angelis@yopmail.com,45
Olivette,Dudley,Olivette.Dudley@yopmail.com,31
Reeba,Grosz,Reeba.Grosz@yopmail.com,50
Jinny,Francyne,Jinny.Francyne@yopmail.com,26
Debee,Weitman,Debee.Weitman@yopmail.com,62
Bernardine,Silvan,Bernardine.Silvan@yopmail.com,30
Stephanie,Toni,Stephanie.Toni@yopmail.com,11
Dagmar,Raul,Dagmar.Raul@yopmail.com,82
Renae,Vanni,Renae.Vanni@yopmail.com,50
Regina,Ruvolo,Regina.Ruvolo@yopmail.com,21
Raquela,Solitta,Raquela.Solitta@yopmail.com,86
Edee,Waite,Edee.Waite@yopmail.com,91
Adele,Camden,Adele.Camden@yopmail.com,41
Gerianna,Keily,Gerianna.Keily@yopmail.com,91
Petronia,Standing,Petronia.Standing@yopmail.com,46
Peri,Talia,Peri.Talia@yopmail.com,20
Gwyneth,Greyson,Gwyneth.Greyson@yopmail.com,35
Emma,Clywd,Emma.Clywd@yopmail.com,52
Deedee,Ader,Deedee.Ader@yopmail.com,80
Thalia,Bandeen,Thalia.Bandeen@yopmail.com,91
Minne,Hathaway,Minne.Hathaway@yopmail.com,59
Emelina,Gemini,Emelina.Gemini@yopmail.com,38
Arabel,Rogerio,Arabel.Rogerio@yopmail.com,62
Lizzie,Johanna,Lizzie.Johanna@yopmail.com,33
Kellen,Haymes,Kellen.Haymes@yopmail.com,58
Nannie,Yam,Nannie.Yam@yopmail.com,31
Ardenia,Goode,Ardenia.Goode@yopmail.com,30
Dianemarie,Parette,Dianemarie.Parette@yopmail.com,89
Steffane,Sheng,Steffane.Sheng@yopmail.com,18
Gaylene,Natica,Gaylene.Natica@yopmail.com,68
Kate,Cristi,Kate.Cristi@yopmail.com,76
Tori,Jagir,Tori.Jagir@yopmail.com,84
Fina,Dielu,Fina.Dielu@yopmail.com,28
Caryl,Leffen,Caryl.Leffen@yopmail.com,32
Linet,Alcott,Linet.Alcott@yopmail.com,75
Ekaterina,Stilwell,Ekaterina.Stilwell@yopmail.com,14
Hallie,Hathaway,Hallie.Hathaway@yopmail.com,38
Emelina,Clywd,Emelina.Clywd@yopmail.com,13
Alejandra,Camden,Alejandra.Camden@yopmail.com,78
Pollyanna,Sasnett,Pollyanna.Sasnett@yopmail.com,80
Ayn,Gert,Ayn.Gert@yopmail.com,29
Danika,Japeth,Danika.Japeth@yopmail.com,32
Ottilie,Iaverne,Ottilie.Iaverne@yopmail.com,91
Charlena,Belanger,Charlena.Belanger@yopmail.com,30
Paulita,Codding,Paulita.Codding@yopmail.com,33
Delilah,Karna,Delilah.Karna@yopmail.com,63
Augustine,Trace,Augustine.Trace@yopmail.com,38
Frank,Baylor,Frank.Baylor@yopmail.com,48
Rosanne,Lareena,Rosanne.Lareena@yopmail.com,35
Christal,Aprile,Christal.Aprile@yopmail.com,43
Queenie,Gunn,Queenie.Gunn@yopmail.com,13
Candi,Georas,Candi.Georas@yopmail.com,82
Dyann,Jefferey,Dyann.Jefferey@yopmail.com,35
Nelle,Edvard,Nelle.Edvard@yopmail.com,42
Catharine,Juan,Catharine.Juan@yopmail.com,29
Ileana,Ricarda,Ileana.Ricarda@yopmail.com,10
Blake,Ulphia,Blake.Ulphia@yopmail.com,49
Hermione,Baptlsta,Hermione.Baptlsta@yopmail.com,52
Glynnis,Sisile,Glynnis.Sisile@yopmail.com,66
Carmela,Ardra,Carmela.Ardra@yopmail.com,17
Elena,Kiersten,Elena.Kiersten@yopmail.com,100
Jacenta,Wandie,Jacenta.Wandie@yopmail.com,47
Lusa,Penelopa,Lusa.Penelopa@yopmail.com,19
Shel,Odysseus,Shel.Odysseus@yopmail.com,17
Konstance,Lucienne,Konstance.Lucienne@yopmail.com,40
Nananne,Marsden,Nananne.Marsden@yopmail.com,92
Paule,Dituri,Paule.Dituri@yopmail.com,36
Coral,Ardeha,Coral.Ardeha@yopmail.com,65
Claresta,Rolf,Claresta.Rolf@yopmail.com,90
Jany,Laurianne,Jany.Laurianne@yopmail.com,45
Yetty,Cloris,Yetty.Cloris@yopmail.com,35
Rosanne,Hylan,Rosanne.Hylan@yopmail.com,98
Priscilla,Ventre,Priscilla.Ventre@yopmail.com,69
Alleen,Larochelle,Alleen.Larochelle@yopmail.com,85
Catrina,Jacqui,Catrina.Jacqui@yopmail.com,32
Aubrie,Sundin,Aubrie.Sundin@yopmail.com,96
Moyna,Bonucci,Moyna.Bonucci@yopmail.com,91
Darlleen,Hachmin,Darlleen.Hachmin@yopmail.com,94
Gabriellia,Joachim,Gabriellia.Joachim@yopmail.com,39
Melisent,Jehu,Melisent.Jehu@yopmail.com,54
Joelly,Federica,Joelly.Federica@yopmail.com,46
Wendi,Reneta,Wendi.Reneta@yopmail.com,74
Paule,Mullane,Paule.Mullane@yopmail.com,50
Nita,Skell,Nita.Skell@yopmail.com,59
Priscilla,Kevon,Priscilla.Kevon@yopmail.com,26
Marnia,Serilda,Marnia.Serilda@yopmail.com,39
Ulrike,Camden,Ulrike.Camden@yopmail.com,99
Elvira,Kat,Elvira.Kat@yopmail.com,39
Amalie,Kathie,Amalie.Kathie@yopmail.com,93
Maryellen,Montgomery,Maryellen.Montgomery@yopmail.com,87
Madelle,Weaks,Madelle.Weaks@yopmail.com,45
Kial,Leary,Kial.Leary@yopmail.com,74
Shandie,Ingra,Shandie.Ingra@yopmail.com,36
Nadine,Vharat,Nadine.Vharat@yopmail.com,33
Kassey,Old,Kassey.Old@yopmail.com,21
Ofilia,Henebry,Ofilia.Henebry@yopmail.com,97
Constance,Ahab,Constance.Ahab@yopmail.com,56
Ida,Erminia,Ida.Erminia@yopmail.com,51
Jerry,Briney,Jerry.Briney@yopmail.com,71
Livvyy,Sandye,Livvyy.Sandye@yopmail.com,38
Emylee,Colleen,Emylee.Colleen@yopmail.com,40
Bobbi,Phyllis,Bobbi.Phyllis@yopmail.com,29
Lorenza,Niccolo,Lorenza.Niccolo@yopmail.com,39
Danika,Belldas,Danika.Belldas@yopmail.com,94
Corry,Xerxes,Corry.Xerxes@yopmail.com,93
Janis,Adalbert,Janis.Adalbert@yopmail.com,96
Marcy,Hoenack,Marcy.Hoenack@yopmail.com,39
Minda,Engdahl,Minda.Engdahl@yopmail.com,28
Brena,Shields,Brena.Shields@yopmail.com,63
Natka,Fleeta,Natka.Fleeta@yopmail.com,92
Vita,Standing,Vita.Standing@yopmail.com,28
Jsandye,Wattenberg,Jsandye.Wattenberg@yopmail.com,50
Asia,Marden,Asia.Marden@yopmail.com,47
Fredericka,Codding,Fredericka.Codding@yopmail.com,94
Mallory,Daegal,Mallory.Daegal@yopmail.com,83
Catharine,Brandice,Catharine.Brandice@yopmail.com,85
Hermione,Adalbert,Hermione.Adalbert@yopmail.com,68
Amelia,Pauly,Amelia.Pauly@yopmail.com,66
Concettina,Baylor,Concettina.Baylor@yopmail.com,79
Johna,Cherianne,Johna.Cherianne@yopmail.com,72
Carilyn,Calhoun,Carilyn.Calhoun@yopmail.com,62
Babita,Ashely,Babita.Ashely@yopmail.com,19
Ada,Verger,Ada.Verger@yopmail.com,24
Imojean,Hylan,Imojean.Hylan@yopmail.com,78
Celestyna,Germann,Celestyna.Germann@yopmail.com,10
Fayre,Even,Fayre.Even@yopmail.com,73
Harmonia,Posner,Harmonia.Posner@yopmail.com,76
Kristina,Tomasina,Kristina.Tomasina@yopmail.com,72
Anthia,Willie,Anthia.Willie@yopmail.com,81
Anestassia,Carleen,Anestassia.Carleen@yopmail.com,47
Madelle,Selway,Madelle.Selway@yopmail.com,11
Henriette,Kannry,Henriette.Kannry@yopmail.com,44
Allyce,Candy,Allyce.Candy@yopmail.com,80
Emilia,Levey,Emilia.Levey@yopmail.com,90
Kristan,Couture,Kristan.Couture@yopmail.com,98
Belinda,Frendel,Belinda.Frendel@yopmail.com,35
Edee,Audly,Edee.Audly@yopmail.com,47
Daune,Bashemeth,Daune.Bashemeth@yopmail.com,26
Sara-Ann,Erich,Sara-Ann.Erich@yopmail.com,48
Amalie,Ranjiv,Amalie.Ranjiv@yopmail.com,24
Ruthe,Gwenore,Ruthe.Gwenore@yopmail.com,79
Roz,Christine,Roz.Christine@yopmail.com,77
Dagmar,Salvidor,Dagmar.Salvidor@yopmail.com,89
Dorothy,Kinnard,Dorothy.Kinnard@yopmail.com,99
Augustine,Vilma,Augustine.Vilma@yopmail.com,30
Eve,Wandie,Eve.Wandie@yopmail.com,50
Lucy,Orpah,Lucy.Orpah@yopmail.com,66
Teriann,Artie,Teriann.Artie@yopmail.com,10
Claudina,Dichy,Claudina.Dichy@yopmail.com,25
Tatiania,Poppy,Tatiania.Poppy@yopmail.com,63
Aubrie,Tjon,Aubrie.Tjon@yopmail.com,59
Hermione,Valerio,Hermione.Valerio@yopmail.com,68
Kenna,Valoniah,Kenna.Valoniah@yopmail.com,38
Valli,Firmin,Valli.Firmin@yopmail.com,24
Bill,Libna,Bill.Libna@yopmail.com,40
Sabina,Drus,Sabina.Drus@yopmail.com,50
Catharine,Afton,Catharine.Afton@yopmail.com,51
Leia,Skell,Leia.Skell@yopmail.com,44
Lesly,Richers,Lesly.Richers@yopmail.com,63
Aili,Haldas,Aili.Haldas@yopmail.com,70
Zondra,Bivins,Zondra.Bivins@yopmail.com,85
Jean,Cutlerr,Jean.Cutlerr@yopmail.com,72
Jean,Isidore,Jean.Isidore@yopmail.com,71
Jessy,Mike,Jessy.Mike@yopmail.com,14
Cherilyn,Graig,Cherilyn.Graig@yopmail.com,32
Carree,Arquit,Carree.Arquit@yopmail.com,19
Corly,Felizio,Corly.Felizio@yopmail.com,37
Joleen,Lail,Joleen.Lail@yopmail.com,62
Gertrud,Fiann,Gertrud.Fiann@yopmail.com,55
Tatiania,Verger,Tatiania.Verger@yopmail.com,50
Meg,Buckler,Meg.Buckler@yopmail.com,18
Alyda,Leffen,Alyda.Leffen@yopmail.com,94
Rebeca,Tryck,Rebeca.Tryck@yopmail.com,68
Mureil,Fosque,Mureil.Fosque@yopmail.com,44
Annecorinne,Koehler,Annecorinne.Koehler@yopmail.com,78
Agathe,Middleton,Agathe.Middleton@yopmail.com,52
Dawn,Kathie,Dawn.Kathie@yopmail.com,76
Kathy,Klotz,Kathy.Klotz@yopmail.com,19
Arlina,Mendez,Arlina.Mendez@yopmail.com,59
Janenna,Even,Janenna.Even@yopmail.com,35
Gisela,Crudden,Gisela.Crudden@yopmail.com,23
Hannis,Ciro,Hannis.Ciro@yopmail.com,83
Letizia,Girardo,Letizia.Girardo@yopmail.com,72
Ardenia,Montgomery,Ardenia.Montgomery@yopmail.com,62
Jobi,Armanda,Jobi.Armanda@yopmail.com,76
Amalie,Atcliffe,Amalie.Atcliffe@yopmail.com,41
Ketti,Bigner,Ketti.Bigner@yopmail.com,73
Lucy,Phyllis,Lucy.Phyllis@yopmail.com,100
Demetris,Jalbert,Demetris.Jalbert@yopmail.com,94
Bibby,Dex,Bibby.Dex@yopmail.com,66
Gilligan,Buttaro,Gilligan.Buttaro@yopmail.com,63
Heddie,O'Rourke,Heddie.O'Rourke@yopmail.com,37
Belva,Franza,Belva.Franza@yopmail.com,91
Marcy,Sisile,Marcy.Sisile@yopmail.com,30
Clo,Havens,Clo.Havens@yopmail.com,50
Dorene,Fancie,Dorene.Fancie@yopmail.com,43
Kristan,Bandeen,Kristan.Bandeen@yopmail.com,41
Agnese,Leopold,Agnese.Leopold@yopmail.com,35
Basia,Decato,Basia.Decato@yopmail.com,50
Sheelagh,Johanna,Sheelagh.Johanna@yopmail.com,43
Ellette,Santoro,Ellette.Santoro@yopmail.com,42
Mamie,Kathie,Mamie.Kathie@yopmail.com,29
Amelia,Alejoa,Amelia.Alejoa@yopmail.com,30
Ethel,Lilas,Ethel.Lilas@yopmail.com,59
Elena,Wallis,Elena.Wallis@yopmail.com,22
Helena,Gusella,Helena.Gusella@yopmail.com,37
Riannon,Grobe,Riannon.Grobe@yopmail.com,12
Kenna,Dielu,Kenna.Dielu@yopmail.com,80
Kimberley,Thunell,Kimberley.Thunell@yopmail.com,80
Siana,Cavan,Siana.Cavan@yopmail.com,38
Elvira,Clarissa,Elvira.Clarissa@yopmail.com,100
Bobinette,Lareena,Bobinette.Lareena@yopmail.com,11
Gretal,Bates,Gretal.Bates@yopmail.com,60
Ariela,Sandye,Ariela.Sandye@yopmail.com,47
Alyda,Nicoline,Alyda.Nicoline@yopmail.com,56
Fernande,Ader,Fernande.Ader@yopmail.com,37
Alisha,Francene,Alisha.Francene@yopmail.com,55
Sarette,Thunell,Sarette.Thunell@yopmail.com,66
Gwyneth,Boycey,Gwyneth.Boycey@yopmail.com,95
Nikki,Edee,Nikki.Edee@yopmail.com,39
Clo,Euridice,Clo.Euridice@yopmail.com,98
Juliane,Stefa,Juliane.Stefa@yopmail.com,29
Sashenka,Jess,Sashenka.Jess@yopmail.com,41
Edith,Joachim,Edith.Joachim@yopmail.com,65
Wilma,Han,Wilma.Han@yopmail.com,83
Kirstin,Tufts,Kirstin.Tufts@yopmail.com,93
Jacquetta,Tayib,Jacquetta.Tayib@yopmail.com,25
Doro,Hilbert,Doro.Hilbert@yopmail.com,39
Phylis,Modie,Phylis.Modie@yopmail.com,91
Frances,Voletta,Frances.Voletta@yopmail.com,16
Kenna,Ax,Kenna.Ax@yopmail.com,73
Nonnah,Dosia,Nonnah.Dosia@yopmail.com,84
Gertrud,Presber,Gertrud.Presber@yopmail.com,68
Hermione,Land,Hermione.Land@yopmail.com,12
Orsola,Loeb,Orsola.Loeb@yopmail.com,49
Judy,Belldas,Judy.Belldas@yopmail.com,51
Lynde,Anderea,Lynde.Anderea@yopmail.com,31
Edee,Gualtiero,Edee.Gualtiero@yopmail.com,13
Queenie,Lumbard,Queenie.Lumbard@yopmail.com,89
Melodie,Melan,Melodie.Melan@yopmail.com,59
Candi,Emerson,Candi.Emerson@yopmail.com,63
Bobbi,Ajay,Bobbi.Ajay@yopmail.com,24
Leanna,Urania,Leanna.Urania@yopmail.com,30
Wanda,Berriman,Wanda.Berriman@yopmail.com,94
Adelle,Anselmi,Adelle.Anselmi@yopmail.com,97
Lory,Bakerman,Lory.Bakerman@yopmail.com,48
Cherrita,Kiersten,Cherrita.Kiersten@yopmail.com,35
Wanda,Cosenza,Wanda.Cosenza@yopmail.com,88
Belinda,Couture,Belinda.Couture@yopmail.com,87
Mara,Nikaniki,Mara.Nikaniki@yopmail.com,89
Merry,Socha,Merry.Socha@yopmail.com,74
Jerry,Maxi,Jerry.Maxi@yopmail.com,96
Charlena,Barney,Charlena.Barney@yopmail.com,81
Dulce,Lilas,Dulce.Lilas@yopmail.com,37
Donnie,Graig,Donnie.Graig@yopmail.com,59
Rori,Drus,Rori.Drus@yopmail.com,80
Kalina,Codding,Kalina.Codding@yopmail.com,26
Hannis,Bearnard,Hannis.Bearnard@yopmail.com,26
Celestyna,Lemuela,Celestyna.Lemuela@yopmail.com,23
Nessie,Hilbert,Nessie.Hilbert@yopmail.com,17
Kerrin,Woodberry,Kerrin.Woodberry@yopmail.com,34
Dyann,Larochelle,Dyann.Larochelle@yopmail.com,29
Lorne,Dannye,Lorne.Dannye@yopmail.com,67
Caritta,Lorain,Caritta.Lorain@yopmail.com,53
Florencia,Erskine,Florencia.Erskine@yopmail.com,19
Alex,Laurianne,Alex.Laurianne@yopmail.com,38
Ira,Francyne,Ira.Francyne@yopmail.com,93
Eolanda,Reneta,Eolanda.Reneta@yopmail.com,29
Sara-Ann,Gale,Sara-Ann.Gale@yopmail.com,82
Thalia,Ietta,Thalia.Ietta@yopmail.com,62
Goldie,Ahab,Goldie.Ahab@yopmail.com,88
Brooks,Dearborn,Brooks.Dearborn@yopmail.com,54
Meriel,Billye,Meriel.Billye@yopmail.com,25
Joelly,Ilka,Joelly.Ilka@yopmail.com,40
Zia,Bahr,Zia.Bahr@yopmail.com,22
Nannie,Ledah,Nannie.Ledah@yopmail.com,49
Celene,Eben,Celene.Eben@yopmail.com,64
Shell,Fitzsimmons,Shell.Fitzsimmons@yopmail.com,82
June,Freddi,June.Freddi@yopmail.com,27
Monika,Raama,Monika.Raama@yopmail.com,85
Lulita,Melan,Lulita.Melan@yopmail.com,42
Alyda,Fink,Alyda.Fink@yopmail.com,11
Michaelina,Klemperer,Michaelina.Klemperer@yopmail.com,20
Carmencita,Aloise,Carmencita.Aloise@yopmail.com,28
Caritta,Cookie,Caritta.Cookie@yopmail.com,26
Margalo,MacIntosh,Margalo.MacIntosh@yopmail.com,60
Ileana,Dyche,Ileana.Dyche@yopmail.com,84
Queenie,Stanwood,Queenie.Stanwood@yopmail.com,78
Lilith,Marisa,Lilith.Marisa@yopmail.com,67
Thalia,Faust,Thalia.Faust@yopmail.com,28
Lulita,Niles,Lulita.Niles@yopmail.com,74
Correy,Bevin,Correy.Bevin@yopmail.com,36
Annora,Kare,Annora.Kare@yopmail.com,51
Vinita,Valoniah,Vinita.Valoniah@yopmail.com,40
Claudina,Crudden,Claudina.Crudden@yopmail.com,49
Tybie,Mott,Tybie.Mott@yopmail.com,62
Lynde,Elbertina,Lynde.Elbertina@yopmail.com,43
Darlleen,Posner,Darlleen.Posner@yopmail.com,53
Adele,Florina,Adele.Florina@yopmail.com,84
Mireielle,Hoenack,Mireielle.Hoenack@yopmail.com,95
Judy,Xerxes,Judy.Xerxes@yopmail.com,57
Grier,An,Grier.An@yopmail.com,59
Myriam,Byrne,Myriam.Byrne@yopmail.com,58
Amalie,Wind,Amalie.Wind@yopmail.com,63
Kirstin,Emanuel,Kirstin.Emanuel@yopmail.com,34
Shirlee,Sandye,Shirlee.Sandye@yopmail.com,86
Ann-Marie,Donoghue,Ann-Marie.Donoghue@yopmail.com,28
Latisha,Cottle,Latisha.Cottle@yopmail.com,81
Wilma,Joseph,Wilma.Joseph@yopmail.com,54
Silvana,Milson,Silvana.Milson@yopmail.com,37
Grier,Lunsford,Grier.Lunsford@yopmail.com,60
Fanny,Imelida,Fanny.Imelida@yopmail.com,31
Zia,Jacqui,Zia.Jacqui@yopmail.com,66
Jean,Valoniah,Jean.Valoniah@yopmail.com,96
Emma,Kiyoshi,Emma.Kiyoshi@yopmail.com,41
Justinn,Cohdwell,Justinn.Cohdwell@yopmail.com,23
Drucie,Schenck,Drucie.Schenck@yopmail.com,96
Constance,Zina,Constance.Zina@yopmail.com,10
Ebonee,Auberbach,Ebonee.Auberbach@yopmail.com,96
Eadie,Ciapas,Eadie.Ciapas@yopmail.com,35
Raina,Lynn,Raina.Lynn@yopmail.com,99
Damaris,Danby,Damaris.Danby@yopmail.com,78
Basia,Burch,Basia.Burch@yopmail.com,89
Berget,Tristram,Berget.Tristram@yopmail.com,83
Ermengarde,Kirbee,Ermengarde.Kirbee@yopmail.com,32
Lolita,Stuart,Lolita.Stuart@yopmail.com,94
Ayn,Cordi,Ayn.Cordi@yopmail.com,60
Molli,Schwejda,Molli.Schwejda@yopmail.com,25
Bobinette,Rurik,Bobinette.Rurik@yopmail.com,88
Jsandye,Haymes,Jsandye.Haymes@yopmail.com,88
Nerta,Bandeen,Nerta.Bandeen@yopmail.com,53
Linet,Jess,Linet.Jess@yopmail.com,41
Glenda,Krystle,Glenda.Krystle@yopmail.com,77
Vanessa,Teryn,Vanessa.Teryn@yopmail.com,80
Valeda,Allys,Valeda.Allys@yopmail.com,58
Philis,Alcott,Philis.Alcott@yopmail.com,82
Basia,Lucienne,Basia.Lucienne@yopmail.com,21
Shel,Faro,Shel.Faro@yopmail.com,12
Allyce,Amethist,Allyce.Amethist@yopmail.com,77
Dulcinea,Niccolo,Dulcinea.Niccolo@yopmail.com,47
Esmeralda,Madaih,Esmeralda.Madaih@yopmail.com,89
Molli,Reidar,Molli.Reidar@yopmail.com,79
Dacia,Ellord,Dacia.Ellord@yopmail.com,72
Chloris,Sallyann,Chloris.Sallyann@yopmail.com,11
Julieta,Ries,Julieta.Ries@yopmail.com,92
Ariela,Jacobah,Ariela.Jacobah@yopmail.com,55
Correy,Edison,Correy.Edison@yopmail.com,24
Rayna,Kamaria,Rayna.Kamaria@yopmail.com,38
Lauryn,Drisko,Lauryn.Drisko@yopmail.com,26
Cherrita,Dominy,Cherrita.Dominy@yopmail.com,90
Corry,Erskine,Corry.Erskine@yopmail.com,50
Stephanie,Rosalba,Stephanie.Rosalba@yopmail.com,51
Jessy,Tacye,Jessy.Tacye@yopmail.com,81
Sashenka,Clarissa,Sashenka.Clarissa@yopmail.com,85
Darci,Kunin,Darci.Kunin@yopmail.com,66
Ellette,Maryanne,Ellette.Maryanne@yopmail.com,46
Lilith,Braun,Lilith.Braun@yopmail.com,54
Ardenia,Destinee,Ardenia.Destinee@yopmail.com,43
Magdalena,Sancho,Magdalena.Sancho@yopmail.com,81
Carmencita,Shirberg,Carmencita.Shirberg@yopmail.com,25
Dari,Bouchard,Dari.Bouchard@yopmail.com,10
Jaime,Primalia,Jaime.Primalia@yopmail.com,84
Georgina,Odell,Georgina.Odell@yopmail.com,52
Arabel,Judye,Arabel.Judye@yopmail.com,42
Dorothy,Brunell,Dorothy.Brunell@yopmail.com,34
Janey,Christal,Janey.Christal@yopmail.com,85
Tina,Linehan,Tina.Linehan@yopmail.com,70
Nadine,Whiffen,Nadine.Whiffen@yopmail.com,84
Betta,Eachern,Betta.Eachern@yopmail.com,13
Gretal,Felecia,Gretal.Felecia@yopmail.com,83
Heida,Ajay,Heida.Ajay@yopmail.com,52
Keelia,Erich,Keelia.Erich@yopmail.com,46
Olivette,Fennessy,Olivette.Fennessy@yopmail.com,98
Carly,Elisha,Carly.Elisha@yopmail.com,81
Nadine,Calhoun,Nadine.Calhoun@yopmail.com,86
Sabina,Cottle,Sabina.Cottle@yopmail.com,69
Tilly,Lemuela,Tilly.Lemuela@yopmail.com,66
Emmey,Urias,Emmey.Urias@yopmail.com,76
Tera,Harl,Tera.Harl@yopmail.com,87
Darci,Kravits,Darci.Kravits@yopmail.com,77
Dacia,Daniele,Dacia.Daniele@yopmail.com,32
Marita,Barbey,Marita.Barbey@yopmail.com,67
Johna,Kiyoshi,Johna.Kiyoshi@yopmail.com,10
Ermengarde,Sundin,Ermengarde.Sundin@yopmail.com,63
Abbie,Ovid,Abbie.Ovid@yopmail.com,31
Maurene,Allina,Maurene.Allina@yopmail.com,99
Almeta,Fennessy,Almeta.Fennessy@yopmail.com,86
Pearline,Lucienne,Pearline.Lucienne@yopmail.com,67
Althea,Federica,Althea.Federica@yopmail.com,48
Tami,Bashemeth,Tami.Bashemeth@yopmail.com,83
Sybille,Leler,Sybille.Leler@yopmail.com,35
Lisette,Niles,Lisette.Niles@yopmail.com,64
Lelah,Lutero,Lelah.Lutero@yopmail.com,97
Brooks,Oriana,Brooks.Oriana@yopmail.com,65
Madalyn,Mitzi,Madalyn.Mitzi@yopmail.com,46
Meriel,Raseda,Meriel.Raseda@yopmail.com,45
Basia,Alice,Basia.Alice@yopmail.com,65
Ann-Marie,Hieronymus,Ann-Marie.Hieronymus@yopmail.com,36
Nanete,Lamoree,Nanete.Lamoree@yopmail.com,40
Sharai,Dex,Sharai.Dex@yopmail.com,89
Barbi,O'Carroll,Barbi.O'Carroll@yopmail.com,28
Alejandra,Fabiola,Alejandra.Fabiola@yopmail.com,27
Daryl,Teddman,Daryl.Teddman@yopmail.com,99
Mariele,Koziara,Mariele.Koziara@yopmail.com,25
Cam,Huggins,Cam.Huggins@yopmail.com,71
Jenilee,Cutlerr,Jenilee.Cutlerr@yopmail.com,21
Valli,Lacombe,Valli.Lacombe@yopmail.com,53
Clementine,Chrystel,Clementine.Chrystel@yopmail.com,42
Vonny,Annabella,Vonny.Annabella@yopmail.com,57
Sean,Philipp,Sean.Philipp@yopmail.com,50
Jsandye,Kunin,Jsandye.Kunin@yopmail.com,51
Kenna,Lindemann,Kenna.Lindemann@yopmail.com,63
Coral,Sheng,Coral.Sheng@yopmail.com,14
Aigneis,Sabella,Aigneis.Sabella@yopmail.com,76
Jan,Ammann,Jan.Ammann@yopmail.com,74
Dede,Suzetta,Dede.Suzetta@yopmail.com,77
Shandie,Johnsson,Shandie.Johnsson@yopmail.com,75
Linet,Luhe,Linet.Luhe@yopmail.com,46
Mahalia,Kelula,Mahalia.Kelula@yopmail.com,68
Tressa,Annice,Tressa.Annice@yopmail.com,68
Hollie,Imelida,Hollie.Imelida@yopmail.com,36
Wileen,MacIntosh,Wileen.MacIntosh@yopmail.com,23
Joeann,Herrera,Joeann.Herrera@yopmail.com,72
Doralynne,Boycey,Doralynne.Boycey@yopmail.com,49
Fanny,Wyn,Fanny.Wyn@yopmail.com,58
Xylina,Payson,Xylina.Payson@yopmail.com,91
Carolina,Chabot,Carolina.Chabot@yopmail.com,27
Cristabel,Ioab,Cristabel.Ioab@yopmail.com,96
Donetta,Suzetta,Donetta.Suzetta@yopmail.com,42
Joeann,Garrison,Joeann.Garrison@yopmail.com,46
Vonny,Weitman,Vonny.Weitman@yopmail.com,34
Harmonia,Raul,Harmonia.Raul@yopmail.com,18
Kenna,Sadowski,Kenna.Sadowski@yopmail.com,80
Louella,Love,Louella.Love@yopmail.com,42
Damaris,Pettiford,Damaris.Pettiford@yopmail.com,44
Winifred,Screens,Winifred.Screens@yopmail.com,13
Nonnah,Wolfgram,Nonnah.Wolfgram@yopmail.com,51
Ruthe,Edvard,Ruthe.Edvard@yopmail.com,28
Ivett,Fairweather,Ivett.Fairweather@yopmail.com,52
Dorice,Felizio,Dorice.Felizio@yopmail.com,35
Tamqrah,Croix,Tamqrah.Croix@yopmail.com,34
Dotty,Blake,Dotty.Blake@yopmail.com,92
Lanae,Lay,Lanae.Lay@yopmail.com,82
Christian,Pillsbury,Christian.Pillsbury@yopmail.com,43
Letizia,Susannah,Letizia.Susannah@yopmail.com,55
Imojean,Letsou,Imojean.Letsou@yopmail.com,44
Shandie,Bettine,Shandie.Bettine@yopmail.com,92
Vere,Alva,Vere.Alva@yopmail.com,65
Delilah,Malina,Delilah.Malina@yopmail.com,64
Joeann,Byrne,Joeann.Byrne@yopmail.com,87
Hallie,August,Hallie.August@yopmail.com,61
Consuela,Bobbee,Consuela.Bobbee@yopmail.com,82
Kathy,Kirstin,Kathy.Kirstin@yopmail.com,25
Vere,Libna,Vere.Libna@yopmail.com,48
Ebonee,Schalles,Ebonee.Schalles@yopmail.com,53
Carilyn,Deegan,Carilyn.Deegan@yopmail.com,76
Cristine,Constancy,Cristine.Constancy@yopmail.com,28
Lonnie,Jillane,Lonnie.Jillane@yopmail.com,17
Maye,Ciapas,Maye.Ciapas@yopmail.com,85
Viviene,Ralfston,Viviene.Ralfston@yopmail.com,72
Margalo,Bethany,Margalo.Bethany@yopmail.com,90
Lynnea,Ethban,Lynnea.Ethban@yopmail.com,34
Lynnea,Joeann,Lynnea.Joeann@yopmail.com,25
Gilda,Stoller,Gilda.Stoller@yopmail.com,82
Ronna,Aldric,Ronna.Aldric@yopmail.com,91
Michaelina,Connelly,Michaelina.Connelly@yopmail.com,93
Ileana,Ardeha,Ileana.Ardeha@yopmail.com,74
Reeba,Wittie,Reeba.Wittie@yopmail.com,11
Madelle,Gabrielli,Madelle.Gabrielli@yopmail.com,99
Xylina,Dielu,Xylina.Dielu@yopmail.com,67
Kate,Skell,Kate.Skell@yopmail.com,94
Miquela,Hamil,Miquela.Hamil@yopmail.com,12
Marguerite,Neils,Marguerite.Neils@yopmail.com,46
Adriana,Frodi,Adriana.Frodi@yopmail.com,64
Cindelyn,Eachern,Cindelyn.Eachern@yopmail.com,20
Lisette,Gherardo,Lisette.Gherardo@yopmail.com,60
Joceline,Mintz,Joceline.Mintz@yopmail.com,13
Merci,Olympium,Merci.Olympium@yopmail.com,30
Kristan,Olnee,Kristan.Olnee@yopmail.com,95
Cristabel,Tillford,Cristabel.Tillford@yopmail.com,76
Genovera,Maribeth,Genovera.Maribeth@yopmail.com,23
Shell,Concha,Shell.Concha@yopmail.com,21
Veda,Jary,Veda.Jary@yopmail.com,71
Tomasina,Chem,Tomasina.Chem@yopmail.com,44
Hildegaard,Tillford,Hildegaard.Tillford@yopmail.com,86
Rosaline,Verger,Rosaline.Verger@yopmail.com,75
Gwyneth,Bury,Gwyneth.Bury@yopmail.com,93
Misha,Lissi,Misha.Lissi@yopmail.com,36
Ada,Ax,Ada.Ax@yopmail.com,27
Ernesta,Malina,Ernesta.Malina@yopmail.com,17
Kellen,Grimbly,Kellen.Grimbly@yopmail.com,27
Paulita,Byrne,Paulita.Byrne@yopmail.com,89
Vita,Shirberg,Vita.Shirberg@yopmail.com,84
Adelle,Moseley,Adelle.Moseley@yopmail.com,63
Pierette,Lia,Pierette.Lia@yopmail.com,66
Asia,Jacinda,Asia.Jacinda@yopmail.com,53
Wanda,Matthew,Wanda.Matthew@yopmail.com,71
Gwenneth,Alcott,Gwenneth.Alcott@yopmail.com,69
Carmela,Abram,Carmela.Abram@yopmail.com,98
Olwen,Ulphia,Olwen.Ulphia@yopmail.com,97
Brianna,Turne,Brianna.Turne@yopmail.com,53
Frieda,Gillan,Frieda.Gillan@yopmail.com,58
Candi,Hylan,Candi.Hylan@yopmail.com,47
Donnie,O'Rourke,Donnie.O'Rourke@yopmail.com,40
Aurelie,Gaal,Aurelie.Gaal@yopmail.com,81
Cacilie,Bakerman,Cacilie.Bakerman@yopmail.com,79
Lindie,Bouchard,Lindie.Bouchard@yopmail.com,41
Brynna,Madox,Brynna.Madox@yopmail.com,49
Judy,Chaing,Judy.Chaing@yopmail.com,33
Meghann,Rocray,Meghann.Rocray@yopmail.com,56
Tobe,Jotham,Tobe.Jotham@yopmail.com,24
Karly,Abbot,Karly.Abbot@yopmail.com,76
Hyacinthe,Ochs,Hyacinthe.Ochs@yopmail.com,72
Jordan,Orpah,Jordan.Orpah@yopmail.com,60
Blake,Jess,Blake.Jess@yopmail.com,94
Beatriz,Estella,Beatriz.Estella@yopmail.com,43
Tomasina,Stilwell,Tomasina.Stilwell@yopmail.com,47
Ekaterina,Fitzsimmons,Ekaterina.Fitzsimmons@yopmail.com,50
Constance,Darbie,Constance.Darbie@yopmail.com,94
Barbara,Seessel,Barbara.Seessel@yopmail.com,51
Nananne,Fitzsimmons,Nananne.Fitzsimmons@yopmail.com,74
Olivette,Pascia,Olivette.Pascia@yopmail.com,48
Konstance,Fennessy,Konstance.Fennessy@yopmail.com,27
Marti,Bultman,Marti.Bultman@yopmail.com,61
Emilia,Breed,Emilia.Breed@yopmail.com,50
Mahalia,Schwejda,Mahalia.Schwejda@yopmail.com,67
Tamqrah,Loeb,Tamqrah.Loeb@yopmail.com,20
Carmela,Ortrude,Carmela.Ortrude@yopmail.com,21
Wileen,Salvidor,Wileen.Salvidor@yopmail.com,63
Marleah,Ivens,Marleah.Ivens@yopmail.com,90
Esmeralda,Ralfston,Esmeralda.Ralfston@yopmail.com,70
Beverley,Pillsbury,Beverley.Pillsbury@yopmail.com,88
Christal,Alisia,Christal.Alisia@yopmail.com,19
Codie,Janith,Codie.Janith@yopmail.com,81
Carolina,Odysseus,Carolina.Odysseus@yopmail.com,41
Laure,Arathorn,Laure.Arathorn@yopmail.com,52
Zsa Zsa,Ardeha,Zsa Zsa.Ardeha@yopmail.com,83
Joelly,Linehan,Joelly.Linehan@yopmail.com,35
Donetta,Carolin,Donetta.Carolin@yopmail.com,79
Kittie,Honoria,Kittie.Honoria@yopmail.com,85
Shaine,Wolfgram,Shaine.Wolfgram@yopmail.com,68
Monika,Pyle,Monika.Pyle@yopmail.com,46
Carmela,Redmond,Carmela.Redmond@yopmail.com,34
Mireielle,Vins,Mireielle.Vins@yopmail.com,80
Lucille,Isacco,Lucille.Isacco@yopmail.com,26
Kirbee,Gabrielli,Kirbee.Gabrielli@yopmail.com,26
Cam,Hieronymus,Cam.Hieronymus@yopmail.com,33
Tierney,Urania,Tierney.Urania@yopmail.com,29
Shandie,Milson,Shandie.Milson@yopmail.com,72
Ilse,Sandye,Ilse.Sandye@yopmail.com,66
Marita,Baptlsta,Marita.Baptlsta@yopmail.com,13
Ekaterina,Israeli,Ekaterina.Israeli@yopmail.com,40
Elbertina,Erlandson,Elbertina.Erlandson@yopmail.com,71
Nonnah,Sholley,Nonnah.Sholley@yopmail.com,81
Corina,Koziara,Corina.Koziara@yopmail.com,73
Ronna,Oneida,Ronna.Oneida@yopmail.com,40
Tomasina,Toor,Tomasina.Toor@yopmail.com,63
Calla,Marden,Calla.Marden@yopmail.com,76
Olivette,Hourigan,Olivette.Hourigan@yopmail.com,93
Konstance,Yoko,Konstance.Yoko@yopmail.com,49
Hallie,Laurianne,Hallie.Laurianne@yopmail.com,58
Gloria,Woodberry,Gloria.Woodberry@yopmail.com,67
Merry,Karna,Merry.Karna@yopmail.com,68
Hildegaard,Faria,Hildegaard.Faria@yopmail.com,90
Dolli,Pernick,Dolli.Pernick@yopmail.com,76
Cindelyn,Connelly,Cindelyn.Connelly@yopmail.com,27
Brooks,Colbert,Brooks.Colbert@yopmail.com,39
Camile,Lipson,Camile.Lipson@yopmail.com,89
Abbie,Yoko,Abbie.Yoko@yopmail.com,14
Esmeralda,Darrell,Esmeralda.Darrell@yopmail.com,35
Ira,Marcellus,Ira.Marcellus@yopmail.com,54
Drucie,Guthrie,Drucie.Guthrie@yopmail.com,99
Michaelina,Schroth,Michaelina.Schroth@yopmail.com,17
Sarette,Lory,Sarette.Lory@yopmail.com,86
Atlanta,Candy,Atlanta.Candy@yopmail.com,54
Alameda,Cosenza,Alameda.Cosenza@yopmail.com,42
Nikki,Francyne,Nikki.Francyne@yopmail.com,82
Danny,Randene,Danny.Randene@yopmail.com,53
Cristine,Craggie,Cristine.Craggie@yopmail.com,14
Gilligan,Keelia,Gilligan.Keelia@yopmail.com,80
Clary,Emmy,Clary.Emmy@yopmail.com,62
Constance,Narton,Constance.Narton@yopmail.com,12
Kalina,Voletta,Kalina.Voletta@yopmail.com,59
Kamilah,Killigrew,Kamilah.Killigrew@yopmail.com,82
Philis,Bouchard,Philis.Bouchard@yopmail.com,22
Joy,Halla,Joy.Halla@yopmail.com,56
Candi,Joni,Candi.Joni@yopmail.com,50
Raf,Bach,Raf.Bach@yopmail.com,69
Yvonne,Vorster,Yvonne.Vorster@yopmail.com,60
Ricky,Bach,Ricky.Bach@yopmail.com,21
Natka,Gherardo,Natka.Gherardo@yopmail.com,12
Nadine,Bluh,Nadine.Bluh@yopmail.com,81
Helena,Brandice,Helena.Brandice@yopmail.com,72
Patricia,Ochs,Patricia.Ochs@yopmail.com,79
Cindelyn,Ashok,Cindelyn.Ashok@yopmail.com,40
Christal,Brunell,Christal.Brunell@yopmail.com,34
Aubrie,Naor,Aubrie.Naor@yopmail.com,80
Myrtice,Adalbert,Myrtice.Adalbert@yopmail.com,88
Misha,Noam,Misha.Noam@yopmail.com,50
Melina,Elbertina,Melina.Elbertina@yopmail.com,21
Babita,Edison,Babita.Edison@yopmail.com,21
Silvana,Ogren,Silvana.Ogren@yopmail.com,41
Kenna,Pyle,Kenna.Pyle@yopmail.com,100
Riannon,Publia,Riannon.Publia@yopmail.com,81
Juliane,Ciapas,Juliane.Ciapas@yopmail.com,88
Penelopa,Wooster,Penelopa.Wooster@yopmail.com,50
Paule,Bury,Paule.Bury@yopmail.com,100
Brynna,Granoff,Brynna.Granoff@yopmail.com,33
Bill,Codding,Bill.Codding@yopmail.com,28
Lynde,Paine,Lynde.Paine@yopmail.com,27
Dominga,Dermott,Dominga.Dermott@yopmail.com,12
Dania,Wiener,Dania.Wiener@yopmail.com,67
Emmey,Vharat,Emmey.Vharat@yopmail.com,25
Britte,Vastah,Britte.Vastah@yopmail.com,96
Shel,Elvyn,Shel.Elvyn@yopmail.com,40
Charlena,Oriana,Charlena.Oriana@yopmail.com,40
Jan,Docilla,Jan.Docilla@yopmail.com,27
Alie,Raffo,Alie.Raffo@yopmail.com,78
Marika,Constancy,Marika.Constancy@yopmail.com,11
Jenda,Felizio,Jenda.Felizio@yopmail.com,10
Marsiella,Sperling,Marsiella.Sperling@yopmail.com,29
Brooks,Malanie,Brooks.Malanie@yopmail.com,84
Correy,Leifeste,Correy.Leifeste@yopmail.com,96
Noelle,Jammal,Noelle.Jammal@yopmail.com,20
Hermione,Darian,Hermione.Darian@yopmail.com,70
Ernesta,Chick,Ernesta.Chick@yopmail.com,26
Clarice,Eno,Clarice.Eno@yopmail.com,59
Jordan,Eliathas,Jordan.Eliathas@yopmail.com,51
Marinna,Dyche,Marinna.Dyche@yopmail.com,26
Tabbatha,Jethro,Tabbatha.Jethro@yopmail.com,49